X,Y,response,bio2,bio6,bio12,bio15,bio19
-99.46268789,17.34424342,1,138,140,1325,109,22
-90.02935406,18.2025768,1,113,159,1248,64,136
-96.92935442,19.49424354,1,99,104,1670,66,169
-96.67935441,18.7692435,1,119,151,1731,81,132
-106.4126882,24.92757715,1,146,88,1125,101,133
-93.45435424,16.8442434,1,120,139,918,84,57
-93.08768755,16.71924339,1,137,137,979,105,16
-92.88768754,17.06924341,1,122,97,1949,56,246
-98.67102118,24.29424379,1,136,85,648,59,88
-89.76268738,20.01091023,1,135,157,1010,72,75
-89.02102068,20.92757694,1,127,165,1054,70,96
-97.12935443,16.2275767,1,151,79,1266,102,30
-89.48768737,20.25257691,1,135,156,1108,62,102
-98.87935452,19.50257687,1,181,11,591,84,20
-88.17102063,20.97757695,1,126,157,1137,67,108
-99.0960212,19.01924351,1,160,32,1138,100,31
-99.13768787,23.07757706,1,126,119,1231,81,66
-98.88768786,21.91091033,1,115,129,1326,76,106
-98.95435453,21.74424365,1,120,130,1504,76,114
-93.15435423,16.83591006,1,130,127,1130,92,40
-99.45435455,17.37757676,1,139,133,1213,108,22
-96.76268775,19.31924353,1,115,130,1124,85,74
-103.5543548,20.21091024,1,153,77,635,104,26
-99.53768789,21.21091029,1,155,82,764,87,35
-99.38768788,22.002577,1,125,102,1240,85,75
-98.92935453,22.052577,1,115,115,1438,80,102
-93.65435425,15.99424335,1,126,180,1819,100,34
-90.72102076,19.29424353,1,116,166,1214,83,83
-99.60435456,17.80257678,1,142,139,720,98,33
-99.54602123,21.20257696,1,156,81,744,86,35
-99.80435457,16.83591006,1,113,209,1111,111,19
-98.30435449,21.04424362,1,126,118,1481,61,173
-102.8210214,22.077577,1,187,41,583,101,45
-99.45435455,17.36091009,1,139,137,1278,109,22
-97.28768777,19.79424355,1,114,62,1668,70,228
-99.22102121,22.30257702,1,117,109,1351,87,65
-91.73768748,16.8942434,1,122,151,2503,65,261
-93.10435422,16.57757672,1,139,134,1039,107,16
-92.30435418,15.28590998,1,132,103,2104,80,64
-92.98768755,17.51924343,1,114,166,4108,43,864
-99.10435454,23.25257706,1,131,106,831,71,64
-99.17935454,18.7692435,1,162,121,881,101,30
-104.3710215,21.02757695,1,164,87,842,114,43
-102.6710214,20.94424361,1,176,41,806,112,33
-92.95435421,15.50257666,1,142,174,2601,94,72
-92.0626875,16.71924339,1,133,108,1711,67,147
-93.65435425,16.11924336,1,130,147,1565,101,31
-103.5376881,19.35257686,1,142,124,1060,109,40
-103.5126881,19.35257686,1,142,131,1082,109,39
-104.1876881,20.53591026,1,159,75,902,104,47
-95.31268767,16.40257671,1,115,182,811,115,7
-99.90435458,22.66091037,1,149,82,560,75,41
-91.73768748,16.11091003,1,135,104,2019,67,231
-92.37102085,14.78590996,1,129,190,1582,91,47
-102.5293547,18.02757679,1,122,175,1066,110,25
-103.4210214,20.41091025,1,153,52,823,105,36
-99.45435455,22.49424369,1,138,78,1256,87,74
-93.65435425,16.15257669,1,130,144,1534,101,31
-100.6293546,17.45257676,1,124,186,1403,110,24
-92.89602088,17.11091008,1,122,101,2055,53,282
-96.94602109,17.79424345,1,140,119,732,94,38
-103.2876881,20.28591024,1,147,68,786,106,33
-88.91268734,18.19424347,1,104,169,1332,59,164
-105.1043548,21.08591029,1,129,137,1322,118,40
-93.76268759,17.08591008,1,112,160,2054,57,290
-101.8460213,18.29424347,1,145,170,712,102,43
-99.15435454,23.12757706,1,129,115,1186,80,66
-92.00435417,15.95257668,1,141,135,1038,99,33
-93.81268759,16.57757672,1,121,151,975,100,27
-103.3376881,24.33591045,1,182,36,409,103,24
-98.92935453,18.8442435,1,167,116,894,104,18
-102.7460214,20.29424358,1,152,73,838,110,35
-94.21268761,16.58591005,1,113,119,1352,89,67
-99.60435456,18.7192435,1,139,119,1159,102,36
-91.9626875,17.41924343,1,112,168,2551,52,382
-99.39602122,23.26924373,1,142,63,718,78,46
-96.30435439,15.71924334,1,137,184,802,106,10
-93.18768756,16.87757673,1,127,131,1068,89,45
-96.77102108,19.33591019,1,115,129,1117,84,74
-92.63768753,16.07757669,1,145,131,1414,95,32
-99.35435455,21.86924366,1,128,101,1149,86,76
-93.64602092,16.02757669,1,128,170,1901,100,38
-99.57935456,24.84424381,1,139,76,820,66,67
-99.72102123,24.09424378,1,152,48,672,74,53
-92.0376875,16.07757669,1,141,106,1087,87,41
-92.45435419,15.37757665,1,134,114,2230,82,80
-100.3960213,18.78591017,1,153,139,1159,110,35
-95.04602099,17.21924342,1,103,169,2670,86,225
-92.7293542,16.76091006,1,128,51,1234,79,68
-93.71268759,15.98591002,1,124,189,1629,99,30
-91.72935415,16.12757669,1,134,102,2026,66,236
-99.26268788,18.77757683,1,161,122,901,102,30
-92.69602087,15.81091001,1,142,133,2345,95,74
-93.66268758,16.08591002,1,129,156,1748,100,36
-93.12102089,16.75257673,1,136,140,938,104,18
-97.42935445,18.49424348,1,151,72,479,93,15
-92.89602088,17.15257675,1,121,100,2118,51,308
-89.45435403,20.24424357,1,135,155,1120,61,106
-98.14602115,20.26924358,1,132,76,2065,81,134
-106.3710216,24.90257715,1,134,75,1225,95,173
-97.43768778,18.49424348,1,151,72,475,93,15
-99.97935458,21.927577,1,143,90,523,78,49
-94.11268761,16.39424337,1,119,164,1874,98,48
-96.96268776,17.75257678,1,140,128,534,98,15
-102.9126881,21.89424366,1,191,47,581,104,35
-97.32102111,19.95257689,1,105,106,3283,59,387
-91.72102082,16.88591007,1,122,149,2518,65,263
-89.72102071,17.86091012,1,99,163,1249,53,157
-88.15435396,21.23591029,1,122,160,1104,63,126
-96.88768775,17.61924344,1,143,106,675,93,32
-92.0376875,16.10257669,1,140,97,1032,85,43
-105.0710215,19.52757687,1,129,161,752,109,28
-94.91268765,16.42757671,1,97,197,923,112,11
-96.82102108,19.65257688,1,95,101,1526,64,167
-93.09602089,16.71924339,1,137,137,978,105,17
-99.57935456,18.72757683,1,139,118,1147,103,36
-99.6626879,18.23591014,1,153,145,981,107,25
-97.68768779,15.96091002,1,146,184,1364,112,17
-104.7460215,21.86091033,1,136,130,1236,119,69
-103.1626881,18.7692435,1,125,125,1272,97,53
-95.04602099,16.9442434,1,105,169,1745,88,118
-99.79602124,16.8192434,1,112,211,1114,111,18
-99.18768787,23.66091042,1,137,85,644,71,56
-104.9793548,21.91091033,1,127,135,1877,131,52
-96.42102106,17.35257676,1,129,45,1554,83,132
-96.96268776,17.79424345,1,139,127,605,97,24
-99.42935455,22.11924367,1,131,94,932,87,54
-99.17935454,18.8692435,1,154,118,953,102,33
-99.17935454,23.04424372,1,129,93,1055,81,63
-89.98768739,17.93591012,1,104,164,1277,59,148
-92.93768755,17.5359101,1,114,170,3869,43,812
-88.57102065,20.67757693,1,134,157,1206,63,115
-99.77102124,23.96924377,1,155,45,640,70,55
-88.52102065,20.67757693,1,133,157,1220,63,113
-97.05435443,20.06091023,1,112,150,1346,46,211
-99.52935456,21.16091029,1,156,79,738,86,34
-95.56268768,16.43591004,1,130,168,634,112,5
-99.69602123,21.10257695,1,151,44,864,79,59
-99.82102124,24.09424378,1,154,52,538,69,48
-103.7626881,19.31924353,1,143,141,1014,112,45
-103.6126881,19.12757685,1,137,148,944,111,38
-98.05435448,18.2025768,1,172,107,681,95,22
-99.25435454,23.57757708,1,140,63,701,77,51
-99.6876879,17.55257677,1,106,104,1574,101,41
-92.55435419,16.66091005,1,128,43,1163,75,62
-99.88768791,18.47757682,1,130,123,1226,105,33
-99.93768791,21.70257698,1,154,81,719,87,41
-98.84602119,18.55257682,1,173,117,845,104,24
-95.17935433,18.44424348,1,92,159,2237,70,251
-92.92102088,17.57757677,1,114,175,3493,44,714
-104.0710215,20.53591026,1,164,80,873,105,45
-100.3210213,22.6192437,1,163,64,633,73,59
-99.47102122,23.25257706,1,144,56,690,76,49
-93.3710209,16.76924339,1,124,137,956,92,41
-105.8543549,23.42757707,1,116,106,1238,97,143
-92.13768751,18.1275768,1,100,187,1974,57,307
-98.93768786,21.71924365,1,120,131,1529,76,119
-99.93768791,20.49424359,1,171,47,526,84,33
-95.03768766,18.50257682,1,91,171,3135,65,461
-98.98768786,21.90257699,1,117,128,1313,78,90
-96.75435441,18.91091017,1,121,138,1660,78,116
-97.40435445,20.0775769,1,113,129,2102,51,297
-93.67935425,16.01091002,1,125,184,1748,100,34
-89.91268739,20.53591026,1,121,169,1096,74,83
-96.83768775,18.8692435,1,120,131,2075,79,141
-93.15435423,17.16924341,1,118,95,2049,49,318
-92.23768751,15.21090998,1,127,58,1667,84,29
-99.16268787,18.85257684,1,154,117,956,103,31
-94.91268765,18.01924346,1,97,169,1640,80,145
-92.48768752,15.47757666,1,132,68,1303,87,22
-95.07102099,18.57757682,1,89,175,3262,65,494
-93.70435425,16.2025767,1,127,125,1344,99,29
-103.6626881,20.41091025,1,159,76,793,108,35
-98.47102117,21.78591032,1,110,137,1031,74,106
-90.7293541,18.91924351,1,127,161,1376,80,94
-93.30435423,16.8442434,1,125,128,1083,85,61
-100.3793546,22.62757703,1,163,59,656,74,63
-98.9960212,18.61924349,1,171,119,840,105,20
-87.05435391,21.35257697,1,103,171,1030,48,180
-90.72102076,18.92757684,1,127,161,1372,80,93
-97.80435447,19.91924356,1,125,65,1703,72,139
-98.16268782,22.98591038,1,102,120,843,86,58
-89.02102068,18.2025768,1,105,166,1296,58,161
-93.57935425,16.76091006,1,120,143,824,92,49
-93.46268757,16.9442434,1,118,145,1050,74,96
-91.78768749,16.12757669,1,136,104,1804,69,189
-98.17102115,16.55257672,1,150,173,1716,111,21
-93.01268755,17.36924342,1,112,146,3579,43,677
-92.77102087,15.65257667,1,134,74,1407,90,21
-91.81268749,16.47757671,1,127,70,1543,57,165
-98.55435451,20.88591027,1,139,83,1751,71,140
-99.16268787,17.43591009,1,144,132,1189,104,35
-99.21268787,18.8692435,1,153,119,955,102,35
-96.10435438,19.09424351,1,82,178,1639,101,68
-99.74602124,24.78591048,1,142,73,803,70,61
-100.0626879,21.29424363,1,164,68,561,85,33
-91.77102082,16.10257669,1,136,104,1883,69,200
-104.4626881,19.12757685,1,115,169,975,113,34
-99.42102122,20.6942436,1,162,54,518,74,37
-103.7710214,19.23591019,1,141,150,922,108,48
-96.12102105,18.02757679,1,99,166,2621,88,168
-93.11268756,16.83591006,1,131,123,1210,92,44
-91.67102081,16.07757669,1,133,102,2276,65,276
-92.0376875,16.08591002,1,141,103,1069,86,42
-92.12102084,15.11090997,1,124,59,2178,81,53
-93.72935426,16.33591004,1,126,129,1117,101,25
-97.87102114,20.75257693,1,111,130,1438,63,134
-99.42102122,21.17757696,1,151,90,914,89,46
-99.54602123,21.18591029,1,156,81,741,87,34
-99.82935457,18.1275768,1,137,135,978,108,24
-97.94602114,19.83591022,1,150,27,765,76,63
-104.3293548,19.02757684,1,110,177,985,113,29
-96.30435439,17.76091011,1,106,153,3898,76,317
-93.65435425,16.08591002,1,130,152,1687,100,34
-92.89602088,17.12757675,1,121,102,2083,52,293
-92.0126875,16.10257669,1,140,97,1070,83,50
-99.95435458,16.9192434,1,111,207,1135,111,18
-104.9710215,21.94424366,1,128,132,1770,129,69
-98.82102119,18.66091016,1,171,116,852,103,26
-97.47935445,20.04424356,1,110,114,3083,61,364
-98.97935453,22.06924367,1,115,118,1380,81,90
-99.47935455,21.2859103,1,146,97,941,92,55
-103.6293548,19.29424353,1,139,139,1117,112,40
-99.31268788,21.927577,1,123,107,1541,86,95
-92.92935421,17.56924344,1,115,174,3557,44,736
-102.0543547,19.13591018,1,158,156,835,111,20
-98.77102118,20.59424359,1,152,54,525,80,31
-104.3710215,19.21091019,1,125,157,1014,115,35
-89.37102069,18.80257683,1,119,149,1107,59,127
-99.58768789,23.30257707,1,149,57,573,73,41
-103.6460214,19.31091019,1,139,136,1106,112,40
-93.66268758,15.99424335,1,126,181,1793,100,34
-96.96268776,18.91924351,1,115,113,2016,77,154
-97.48768778,19.89424356,1,112,67,1984,71,180
-99.01268786,21.74424365,1,121,129,1540,78,108
-99.22102121,22.52757703,1,116,111,1117,82,71
-99.23768788,18.91924351,1,146,110,1030,104,32
-105.2710215,21.52757697,1,113,149,1579,127,38
-99.0460212,16.79424339,1,145,195,1353,113,22
-100.3043546,18.43591015,1,147,158,1145,114,26
-99.15435454,23.11091039,1,128,115,1215,81,66
-99.12935454,23.03591039,1,125,121,1299,83,65
-96.12935438,17.89424345,1,100,157,3403,80,273
-92.22935418,15.15257664,1,128,99,2655,78,76
-97.02102109,17.95257679,1,139,134,579,96,17
-96.97935442,19.13591018,1,110,99,1985,76,143
-92.47102086,15.93591002,1,145,135,1588,95,50
-99.70435457,18.23591014,1,147,140,1011,107,25
-99.87935458,16.8692434,1,113,202,1221,111,21
-95.66268769,18.61091016,1,88,194,1732,75,182
-94.22102095,16.3525767,1,120,182,1566,106,10
-93.09602089,16.82757673,1,132,123,1226,92,42
-96.77935441,19.32757686,1,115,128,1162,84,77
-93.70435425,16.23591003,1,127,120,1275,100,22
-99.81268791,20.68591026,1,165,46,525,81,34
-99.92102124,18.43591015,1,129,121,1220,106,34
-92.90435421,16.68591006,1,140,135,1094,103,17
-99.86268791,17.81924345,1,130,127,942,107,28
-96.72102108,17.06091008,1,159,82,670,94,14
-91.94602083,17.47757676,1,110,175,2445,55,456
-88.58768732,18.51924348,1,100,175,1390,59,168
-92.89602088,16.70257672,1,138,126,1252,100,25
-88.03768729,19.58591021,1,117,169,1287,54,164
-98.52102117,23.24424373,1,118,95,933,78,71
-104.0960215,22.66091037,1,158,78,497,103,50
-102.5460214,18.03591013,1,122,174,1069,111,25
-92.1126875,17.25257675,1,116,170,2508,55,346
-99.30435455,21.96924366,1,121,111,1690,87,93
-99.83768791,18.33591014,1,130,128,1125,106,28
-93.02935422,17.33591009,1,113,138,3200,43,593
-99.65435456,17.5359101,1,108,104,1553,102,40
-99.64602123,17.5609101,1,113,108,1459,102,35
-104.1210215,21.02757695,1,165,87,833,116,38
-92.96268755,16.03591002,1,145,129,1859,96,49
-102.0043547,17.99424346,1,127,180,1014,109,28
-99.65435456,18.80257683,1,138,102,1172,99,41
-92.89602088,17.16924341,1,119,92,2130,50,313
-89.68768738,17.91091012,1,101,163,1235,54,154
-89.20435402,20.86091027,1,126,165,1041,69,100
-98.49602117,21.07757695,1,132,112,1662,61,179
-99.48768789,23.19424373,1,145,55,706,77,49
-102.212688,19.91091022,1,169,40,957,100,38
-99.22935454,18.77757683,1,164,120,879,103,29
-92.92102088,17.5359101,1,114,170,3808,43,793
-99.47102122,17.36091009,1,138,136,1262,109,22
-103.7626881,19.07757685,1,136,152,835,107,34
-96.44602106,19.31924353,1,107,161,1170,104,48
-105.2876882,21.53591031,1,113,149,1612,128,37
-106.5710216,24.40257712,1,135,112,1154,108,103
-93.10435422,16.95257674,1,126,148,1044,89,61
-96.92102109,17.64424344,1,143,113,588,94,23
-95.296021,16.37757671,1,113,188,826,115,8
-88.58768732,18.51091015,1,99,175,1388,59,168
-89.55435404,18.63591016,1,119,148,1113,60,129
-98.84602119,17.40257676,1,141,91,1468,105,31
-93.04602089,16.18591003,1,145,129,1658,98,50
-105.1793549,21.56924364,1,117,142,1563,127,39
-92.97935422,15.28590998,1,140,184,2565,94,69
-104.0960215,19.12757685,1,132,137,1189,114,46
-98.97935453,21.20257696,1,138,102,1780,76,139
-100.7960213,21.00257695,1,160,63,531,89,30
-99.50435456,22.002577,1,139,86,860,91,46
-92.17102084,15.40257666,1,134,112,1970,79,74
-103.6043548,18.91091017,1,132,155,846,108,27
-93.42102091,16.81091006,1,121,141,892,89,44
-88.17102063,21.56924364,1,113,165,644,53,107
-98.65435451,20.6442436,1,129,41,1402,79,145
-99.34602121,20.57757693,1,168,56,431,73,35
-97.25435444,19.98591023,1,111,119,2589,51,348
-106.6293549,24.40257712,1,140,114,1071,109,96
-100.3293546,17.25257675,1,123,172,1637,107,36
-92.47102086,16.86091006,1,126,93,1819,66,160
-93.66268758,16.11924336,1,130,152,1649,101,34
-105.2710215,21.01924362,1,121,151,1320,121,41
-94.09602094,16.45257671,1,118,146,1413,99,38
-99.21268787,18.76091016,1,165,120,872,102,28
-104.0793548,20.76091027,1,160,71,951,111,39
-100.4543546,18.86091017,1,138,102,1416,106,54
-103.6543548,19.24424352,1,140,145,1040,112,42
-99.35435455,23.99424377,1,141,80,804,73,58
-93.15435423,16.75257673,1,134,139,938,104,21
-97.1460211,18.18591013,1,152,120,415,94,12
-99.1460212,23.07757706,1,126,117,1209,81,66
-102.7710214,20.30257691,1,151,76,868,110,37
-93.00435422,17.34424342,1,112,139,3265,43,603
-93.40435424,16.9442434,1,120,150,1090,75,96
-98.83768785,18.2525768,1,170,115,822,106,16
-106.4210216,24.91924382,1,145,88,1138,101,136
-93.10435422,16.8942434,1,129,141,1011,95,41
-96.79602108,19.31924353,1,114,125,1249,84,84
-92.74602087,16.01924335,1,145,122,1827,96,46
-91.72935415,16.07757669,1,135,103,2053,68,229
-92.74602087,15.05257664,1,138,187,2606,91,85
-99.35435455,21.81924366,1,128,103,1216,88,79
-96.83768775,18.90257684,1,119,130,1999,78,140
-104.3293548,19.81924355,1,147,110,917,101,54
-98.77935452,20.59424359,1,152,54,519,80,31
-104.2210215,21.16091029,1,167,109,932,117,41
-97.25435444,19.93591023,1,107,109,3111,57,381
-98.88768786,21.952577,1,115,127,1309,78,101
-93.01268755,16.8442434,1,132,116,1369,89,55
-96.83768775,17.02757674,1,158,74,762,93,20
-99.90435458,22.76091037,1,149,80,521,73,40
-97.79602113,20.45257692,1,114,123,2188,72,173
-105.2710215,19.93591023,1,135,157,821,108,32
-88.15435396,21.18591029,1,123,159,1145,63,125
-99.23768788,18.76091016,1,165,120,877,103,28
-90.92935411,16.11924336,1,111,177,2973,68,308
-99.16268787,17.66924344,1,145,106,1071,101,29
-92.32935418,16.02757669,1,145,139,1216,93,41
-98.74602118,20.61091026,1,145,48,780,77,68
-91.36268747,16.38591004,1,120,169,2414,75,196
-92.89602088,17.06924341,1,122,98,1931,56,242
-98.63768784,20.61924359,1,132,42,1286,78,132
-99.74602124,21.03591028,1,168,76,489,80,28
-89.72935405,19.44424353,1,128,156,1092,66,117
-105.0043548,19.52757687,1,131,155,910,111,31
-99.1460212,22.09424367,1,117,115,1451,84,80
-102.6543547,21.86091033,1,183,40,608,100,37
-92.52102086,15.44424332,1,135,112,2219,84,67
-105.5293549,23.03591039,1,118,126,1312,106,106
-96.36268773,16.9192434,1,132,74,727,89,36
-100.0543546,22.12757701,1,152,88,453,74,34
-98.9710212,21.16924362,1,140,99,1705,76,133
-97.53768779,16.11091003,1,151,164,1399,108,21
-99.60435456,17.81924345,1,142,140,727,98,33
-98.57935451,21.03591028,1,136,89,1925,66,179
-93.77935426,16.26924337,1,126,150,1535,100,36
-99.36268788,23.96091044,1,142,73,754,74,57
-88.88768734,19.94424356,1,131,163,1135,69,90
-93.14602089,16.79424339,1,132,135,1010,100,25
-91.70435415,16.11924336,1,134,104,2163,66,263
-96.99602109,19.41924353,1,104,101,1879,70,167
-103.5626881,20.46091025,1,157,68,828,108,33
-95.31268767,16.8692434,1,115,132,1580,87,107
-99.20435454,23.77757709,1,137,90,775,72,62
-92.88768754,15.44424332,1,143,177,2672,94,79
-96.97935442,19.39424353,1,105,106,1887,71,164
-92.68768753,15.34424332,1,146,178,3224,90,117
-89.55435404,21.02757695,1,101,178,915,68,96
-96.5793544,16.29424337,1,143,85,668,98,14
-99.13768787,23.72757709,1,135,103,880,71,66
-99.17935454,18.73591016,1,168,118,858,102,27
-88.20435397,20.68591026,1,127,157,1157,65,92
-91.97935416,16.33591004,1,137,96,1271,74,91
-103.3376881,20.28591024,1,149,66,763,106,32
-96.76268775,18.7442435,1,119,143,2245,78,166
-99.03768787,22.6442437,1,116,120,1175,87,62
-88.04602063,19.59424354,1,117,169,1284,54,163
-89.69602071,21.06091028,1,91,182,795,69,83
-107.9126883,27.20257727,1,176,57,857,95,122
-96.77102108,18.83591017,1,120,139,1941,78,137
-96.37935439,19.54424354,1,97,169,1135,100,52
-99.35435455,22.51924369,1,117,109,1328,85,72
-92.04602083,17.4859101,1,110,175,2635,52,458
-99.87935458,21.61924365,1,148,87,641,93,40
-103.9126881,19.58591021,1,152,120,730,97,49
-104.6876882,20.16091024,1,133,53,1332,102,78
-99.87935458,18.47757682,1,131,124,1215,106,32
-94.16268761,16.34424337,1,120,183,1613,104,14
-93.03768755,16.85257673,1,131,116,1349,88,59
-105.2793549,21.53591031,1,113,149,1600,128,37
-102.6793547,20.96091028,1,176,40,796,112,32
-97.87935447,17.95257679,1,173,63,726,99,18
-98.3543545,23.43591041,1,119,100,900,73,86
-98.52935451,21.78591032,1,111,136,1063,74,112
-99.93768791,21.98591033,1,143,91,473,80,39
-93.06268755,17.39424343,1,111,151,3988,42,777
-103.6543548,21.977577,1,166,47,732,111,45
-94.77935431,17.71924344,1,101,173,2181,71,250
-99.15435454,23.04424372,1,126,110,1181,82,65
-97.39602111,18.51924348,1,152,61,518,88,20
-92.07102084,17.47757676,1,110,172,2680,52,420
-89.62935404,20.96091028,1,102,177,973,70,95
-107.7126883,26.98591059,1,175,49,805,95,120
-96.12102105,17.71924344,1,106,151,3605,77,299
-104.6460215,21.71091032,1,140,133,1121,117,61
-92.67102087,16.76091006,1,128,49,1197,75,71
-87.04602057,20.96091028,1,101,176,1136,51,175
-102.1210214,17.96091012,1,121,181,1066,108,29
-92.00435417,16.88591007,1,127,144,1914,66,165
-95.04602099,16.9692434,1,104,170,1899,87,135
-97.36268778,15.97757669,1,148,175,1238,109,16
-103.7543548,20.83591027,1,167,79,1020,115,38
-89.64602071,21.10257695,1,89,183,754,67,83
-96.40435439,18.23591014,1,101,166,2693,90,153
-99.47102122,22.54424369,1,133,86,1422,88,75
-102.3210214,19.93591023,1,167,51,911,97,43
-96.90435442,17.66091011,1,141,113,646,93,27
-104.7126882,19.82757689,1,149,124,1603,112,62
-103.9043548,18.87757684,1,129,161,769,105,24
-99.49602122,20.89424361,1,158,57,740,78,47
-103.7543548,21.82757699,1,178,81,670,113,35
-99.0960212,23.2609104,1,131,107,826,71,64
-102.3043547,19.92757689,1,167,50,918,98,41
-98.74602118,21.08591029,1,138,105,1796,66,166
-96.21268772,17.86091012,1,101,154,3815,78,316
-99.72935457,21.03591028,1,168,75,494,81,29
-91.53768747,17.98591012,1,109,179,1914,61,241
-103.9376881,19.31091019,1,142,137,1110,113,52
-104.4793548,19.64424354,1,146,143,1549,112,60
-95.06268766,18.48591015,1,90,159,2910,66,401
-96.66268774,17.16091008,1,136,44,1147,85,67
-96.72935441,19.32757686,1,116,134,1021,86,67
-98.9710212,21.79424366,1,119,129,1454,77,105
-88.1876873,19.12757685,1,101,179,1346,50,204
-98.72935452,21.99424367,1,112,137,1011,78,89
-93.12102089,16.8692434,1,130,127,1177,90,50
-92.32102085,16.02757669,1,144,139,1205,93,41
-96.94602109,19.57757687,1,98,92,1687,68,166
-100.1710213,21.76924365,1,163,71,728,88,41
-99.93768791,17.03591007,1,125,185,1414,112,24
-93.54602091,16.00257669,1,131,120,1552,99,26
-93.87102093,16.54424338,1,121,150,1087,100,27
-92.0376875,17.4859101,1,110,174,2615,52,470
-94.94602099,18.50257682,1,90,173,3427,62,545
-103.0460214,20.42757692,1,160,60,806,110,32
-98.9710212,21.69424365,1,121,130,1592,77,119
-92.95435421,17.54424343,1,115,171,3825,44,804
-97.35435444,19.82757689,1,114,63,1764,71,200
-96.92102109,17.83591012,1,139,94,978,89,72
-93.3710209,16.99424341,1,120,155,1272,67,145
-89.91268739,20.56091026,1,120,170,1080,74,84
-96.67102108,17.17757675,1,135,41,1211,85,73
-100.4626879,19.56091021,1,151,64,862,93,45
-102.9293547,21.4359103,1,162,29,693,104,46
-99.17935454,21.29424363,1,141,63,1387,82,100
-99.20435454,23.69424375,1,137,85,673,71,57
-99.59602123,18.73591016,1,138,117,1160,102,37
-98.94602119,18.91091017,1,166,109,921,104,18
-91.72935415,16.08591002,1,135,103,2057,67,232
-103.6960214,19.24424352,1,140,147,990,112,44
-92.88768754,15.54424333,1,142,158,2785,92,86
-99.40435455,22.84424371,1,124,108,1428,92,64
-95.271021,16.34424337,1,110,196,848,115,9
-99.47102122,21.24424363,1,147,97,937,92,51
-99.7876879,24.10257711,1,154,51,568,70,49
-93.45435424,16.87757673,1,119,138,949,80,67
-96.37102106,17.62757677,1,118,104,2515,76,248
-105.0793548,19.51924354,1,128,162,744,109,28
-100.1293546,18.80257683,1,151,116,1461,106,42
-105.9460216,23.39424374,1,116,135,1200,106,109
-99.37102122,18.82757683,1,151,119,979,104,34
-99.19602121,23.09424372,1,133,78,969,81,61
-98.63768784,20.46091025,1,147,48,663,75,56
-92.7543542,15.66091,1,136,87,1597,90,30
-99.7626879,23.9525771,1,154,38,703,71,59
-95.07935433,18.45257681,1,91,157,2748,67,356
-105.9376882,23.38591041,1,116,135,1194,107,107
-108.379355,27.06924393,1,173,54,856,105,109
-96.46268773,16.88591007,1,135,74,675,91,23
-98.77935452,20.72757693,1,129,39,1288,80,120
-96.49602107,15.92757668,1,145,141,1563,97,52
-89.72935405,19.45257687,1,128,156,1091,66,117
-91.92102083,17.42757676,1,112,169,2523,53,377
-92.94602088,17.5859101,1,115,175,3502,45,719
-96.83768775,18.96924351,1,111,114,2137,77,164
-92.0376875,17.47757676,1,111,173,2621,52,460
-95.12935433,18.57757682,1,87,149,2903,64,408
-92.88768754,17.11091008,1,121,97,2050,53,281
-99.89602124,16.8692434,1,112,201,1267,111,20
-97.11268776,18.08591013,1,148,124,439,95,12
-92.02935417,17.4859101,1,111,174,2595,52,481
-87.69602061,21.47757697,1,113,164,788,51,126
-92.64602087,16.34424337,1,147,132,1242,99,21
-101.0793546,17.36091009,1,117,203,935,114,22
-90.52935409,19.69424355,1,104,175,1240,82,92
-99.21268787,23.69424375,1,137,82,661,71,56
-95.04602099,16.98591007,1,104,171,1993,86,146
-98.92935453,22.06091034,1,115,115,1445,80,103
-106.6710216,23.91924377,1,143,121,725,112,68
-99.80435457,16.82757673,1,112,210,1116,111,19
-105.0460215,19.49424354,1,128,160,792,110,29
-99.05435453,21.62757698,1,125,113,2115,77,165
-93.71268759,16.21924336,1,127,123,1313,99,24
-103.5376881,18.45257681,1,122,163,1016,111,24
-101.4460213,17.67757677,1,127,173,1280,110,34
-93.41268757,16.77757673,1,123,144,875,93,34
-89.37102069,18.7942435,1,119,149,1108,59,127
-92.69602087,15.81924334,1,142,134,2322,95,74
-103.8126881,19.14424352,1,138,150,879,109,43
-92.44602085,16.9192434,1,128,121,1892,71,144
-103.2376881,19.78591022,1,151,65,897,99,50
-103.1543547,18.77757683,1,126,124,1272,97,52
-88.17935397,21.01924362,1,126,158,1141,66,111
-95.39602101,16.09424336,1,115,194,578,115,3
-92.04602083,16.09424336,1,140,100,1040,86,41
-99.33768788,18.30257681,1,161,133,1088,107,24
-98.91268786,21.4609103,1,127,124,2060,74,154
-103.7126881,20.6692436,1,164,75,996,109,46
-91.94602083,16.92757673,1,126,131,2055,63,202
-105.0543548,19.49424354,1,128,161,777,109,29
-99.60435456,20.55257692,1,175,54,469,79,32
-103.0126881,21.51924364,1,188,50,690,110,36
-99.02935453,22.5942437,1,116,115,1217,87,63
-99.75435457,21.78591032,1,142,91,618,90,35
-100.2043546,22.91091038,1,160,69,375,63,40
-98.9710212,21.73591032,1,121,129,1532,77,114
-104.3543548,19.17757685,1,120,166,955,114,33
-100.6293546,17.24424342,1,118,204,1148,113,23
-105.7710215,22.97757705,1,110,137,1119,105,94
-99.92935458,21.79424366,1,144,89,584,87,41
-99.74602124,21.10257695,1,164,66,548,77,31
-93.13768756,17.11091008,1,120,112,1800,54,250
-100.1043546,21.98591033,1,153,86,569,80,46
-104.0210215,18.91091017,1,124,166,869,108,24
-95.02102099,17.35257676,1,105,166,2521,83,228
-99.31268788,23.91924377,1,139,85,798,72,59
-93.14602089,16.8442434,1,130,124,1180,91,47
-103.3210214,19.37757686,1,145,87,1043,106,41
-102.7210214,20.32757691,1,155,70,840,109,35
-99.60435456,17.81091011,1,142,139,714,98,33
-99.39602122,21.93591033,1,123,110,1604,87,91
-99.7626879,23.98591044,1,154,43,661,71,56
-99.10435454,21.16091029,1,143,93,1447,80,99
-94.08768761,16.45257671,1,118,146,1415,99,39
-93.73768759,16.3525767,1,126,139,1041,102,22
-106.6126883,23.83591043,1,140,123,740,114,67
-92.1126875,16.88591007,1,128,125,1906,65,173
-96.72102108,17.06924341,1,158,81,674,94,15
-87.5960206,20.85257694,1,116,164,1282,53,147
-99.10435454,23.2359104,1,130,107,854,72,65
-108.254355,26.82757725,1,177,77,840,103,112
-100.4126879,19.07757685,1,157,128,1039,104,42
-107.7376883,27.02757726,1,177,23,978,98,131
-99.92935458,18.31091014,1,140,134,1026,110,20
-90.93768744,16.11091003,1,112,177,2998,68,308
-99.03768787,22.66091037,1,116,121,1169,87,62
-103.7293548,19.20257685,1,140,151,886,109,45
-92.97935422,17.50257676,1,114,164,4123,43,857
-93.02102088,16.10257669,1,145,127,1667,97,40
-98.01268781,21.16924362,1,107,130,1358,62,163
-98.54602117,21.06091028,1,135,96,1877,64,185
-92.52102086,15.55257666,1,137,99,1701,85,48
-99.23768788,18.88591017,1,149,117,993,103,34
-92.72102087,15.37757665,1,144,170,3115,90,109
-99.64602123,18.7942435,1,138,105,1172,100,41
-99.81268791,24.05257711,1,155,49,573,69,51
-102.412688,20.21091024,1,157,69,810,105,35
-93.02102088,16.09424336,1,145,126,1663,97,38
-96.82935442,18.91091017,1,118,128,2001,78,143
-93.87935426,16.54424338,1,120,150,1096,100,28
-97.97102114,20.09424357,1,127,60,2001,78,144
-106.1210216,23.2609104,1,106,144,859,114,65
-99.43768789,22.83591038,1,125,106,1435,91,68
-104.4293548,19.70257688,1,145,112,1253,107,58
-92.90435421,17.00257674,1,128,111,1544,71,126
-93.11268756,17.12757675,1,120,116,1817,54,252
-93.09602089,16.72757672,1,137,138,961,105,16
-103.6043548,19.3609102,1,141,111,1038,110,41
-88.14602063,21.13591029,1,124,158,1163,64,121
-103.1626881,18.77757683,1,126,123,1276,98,52
-89.18768735,20.86091027,1,127,164,1042,69,99
-102.6543547,21.86924366,1,182,40,614,100,38
-93.92935427,16.57757672,1,119,150,1126,99,31
-99.94602125,20.73591027,1,163,47,535,82,34
-93.51268758,16.59424338,1,127,146,840,104,22
-92.12102084,18.1275768,1,100,187,1965,57,304
-95.16268766,17.86091012,1,106,165,1450,85,114
-99.03768787,21.64424365,1,124,122,1887,77,140
-100.2543546,23.26924373,1,162,60,420,60,45
-91.79602082,16.53591005,1,131,101,1921,64,202
-88.61268732,18.33591014,1,99,172,1371,60,219
-92.17102084,15.93591002,1,143,142,1176,92,51
-92.28768751,16.01091002,1,144,139,1178,94,42
-96.85435442,19.89424356,1,103,130,1847,45,286
-93.58768758,16.16091003,1,129,109,1379,98,24
-100.3126879,25.67757719,1,121,79,590,75,48
-97.52935445,20.88591027,1,95,146,1086,61,115
-106.4626883,23.27757707,1,98,147,779,120,40
-92.56268753,16.66091005,1,127,43,1168,75,62
-99.27102121,23.80257709,1,139,79,694,73,56
-99.17935454,23.66924375,1,136,88,672,70,58
-93.07102089,15.81091001,1,135,92,1686,94,25
-92.6543542,16.33591004,1,147,131,1260,99,21
-95.82102103,17.81091011,1,109,172,2146,83,158
-89.94602072,20.52757692,1,121,169,1118,75,85
-92.92102088,17.56924344,1,115,174,3539,44,729
-89.82102072,19.98591023,1,134,158,1035,72,77
-99.07935453,16.78591006,1,144,198,1271,114,19
-101.6210213,17.70257678,1,123,191,1000,110,18
-106.3793549,23.3609104,1,105,142,824,114,67
-99.75435457,24.78591048,1,142,72,781,70,59
-99.06268787,18.83591017,1,166,117,907,100,34
-107.679355,26.66091058,1,173,74,743,99,107
-98.4543545,21.63591031,1,112,135,1062,69,119
-89.95435406,18.04424346,1,107,161,1256,60,144
-103.6460214,18.88591017,1,132,158,849,109,22
-96.75435441,19.34424353,1,115,131,1061,85,70
-92.5793542,15.39424332,1,137,138,2753,86,101
-95.92935437,16.50257671,1,134,112,862,97,22
-97.92935447,16.9192434,1,160,128,1512,109,31
-105.7293549,22.53591036,1,108,146,908,108,63
-99.15435454,21.55257698,1,135,88,1740,81,124
-102.0293547,17.98591012,1,125,181,1027,109,28
-99.93768791,20.87757694,1,175,62,410,75,25
-106.4126882,23.27757707,1,98,147,788,120,41
-96.92935442,19.58591021,1,97,97,1633,66,168
-100.0543546,21.30257696,1,164,70,565,86,32
-89.68768738,21.11924362,1,86,185,701,67,78
-95.60435435,16.61091005,1,131,147,772,106,11
-99.37935455,23.58591042,1,139,81,524,70,41
-95.36268767,17.33591009,1,111,164,2155,90,155
-104.1793548,21.02757695,1,169,95,880,117,41
-98.76268785,20.56924359,1,151,52,549,78,34
-95.07102099,18.61924349,1,89,180,3297,65,505
-95.60435435,16.39424337,1,131,165,614,111,4
-93.68768759,16.02757669,1,124,183,1745,100,34
-88.20435397,21.55257698,1,113,165,676,54,109
-104.9460215,19.50257687,1,131,154,974,112,33
-93.03768755,17.54424343,1,115,170,3949,44,821
-92.82102087,15.65257667,1,136,87,1698,91,29
-93.69602092,15.92757668,1,125,190,1625,99,29
-103.7710214,19.32757686,1,143,141,1007,112,45
-91.78768749,16.11924336,1,136,104,1807,69,188
-103.5626881,22.30257702,1,158,23,536,101,55
-96.37935439,17.63591011,1,118,110,2601,75,239
-92.90435421,17.17757675,1,119,91,2139,50,318
-88.15435396,21.13591029,1,124,158,1162,64,120
-92.48768752,15.94424335,1,145,134,1602,95,50
-103.4793548,20.08591023,1,152,81,629,102,29
-96.94602109,17.77757678,1,139,123,663,95,27
-96.51268773,17.30257675,1,138,69,867,88,54
-99.16268787,17.44424343,1,144,129,1174,104,36
-104.3543548,20.36091025,1,143,58,1097,102,66
-96.39602106,19.62757688,1,95,170,1129,92,63
-91.31268746,16.2025767,1,121,167,2972,72,283
-96.83768775,18.91924351,1,117,127,2021,78,146
-88.1876873,21.21091029,1,122,160,1127,63,125
-105.0210215,19.42757687,1,126,162,779,110,29
-99.0460212,22.09424367,1,116,121,1295,85,73
-104.3376881,20.44424359,1,145,57,1062,103,62
-99.77935457,24.74424381,1,146,64,710,72,54
-105.0293548,19.52757687,1,129,159,813,110,29
-89.5710207,20.16924357,1,135,157,1048,65,90
-98.46268784,18.93591017,1,164,68,885,94,21
-105.7710215,22.65257703,1,107,146,878,102,63
-99.29602121,21.66924365,1,128,112,1544,90,92
-93.74602092,16.2775767,1,126,131,1299,100,32
-104.4876881,19.14424352,1,116,169,973,113,34
-99.54602123,21.19424362,1,156,82,743,87,34
-95.60435435,16.66924339,1,129,145,887,103,22
-95.04602099,17.31924342,1,105,166,2522,84,224
-97.90435447,17.05257674,1,163,111,1405,107,30
-96.68768774,18.04424346,1,116,101,2823,82,265
-99.82102124,18.31924347,1,131,130,1104,106,27
-103.8126881,19.57757687,1,146,107,757,101,40
-98.9960212,18.60257682,1,169,120,824,105,20
-98.97935453,22.077577,1,115,117,1376,81,89
-99.42935455,20.85257694,1,162,76,551,82,34
-99.27102121,23.76924376,1,139,77,664,73,54
-88.94602067,19.94424356,1,131,162,1071,66,96
-99.23768788,18.7442435,1,166,120,872,103,26
-92.66268753,16.33591004,1,147,131,1266,99,21
-97.52935445,20.0275769,1,107,106,3513,63,383
-92.37102085,14.79424329,1,130,190,1607,91,48
-103.3126881,20.18591024,1,149,57,782,101,37
-95.54602102,16.31924337,1,125,137,936,104,14
-99.62935456,20.52757692,1,174,52,482,79,33
-99.11268787,21.46924364,1,136,74,1676,82,121
-97.92935447,22.60257703,1,87,137,1014,96,67
-92.89602088,17.10257674,1,122,100,2038,53,276
-97.96268781,21.08591029,1,107,134,1278,62,149
-99.6626879,17.55257677,1,109,106,1524,102,38
-100.1293546,19.21924352,1,142,72,1008,98,33
-95.47935435,16.41091004,1,125,168,675,115,3
-96.24602105,17.94424345,1,99,160,3682,81,280
-99.57935456,18.43591015,1,146,131,1239,106,32
-98.56268784,21.06924362,1,135,92,1951,65,186
-108.5126884,26.84424392,1,180,86,780,105,108
-97.39602111,19.80257688,1,123,45,1230,69,119
-88.07102063,21.54424364,1,113,165,699,53,114
-96.92935442,17.71091011,1,140,122,593,95,23
-90.21268741,20.6442436,1,104,182,962,80,76
-99.39602122,20.89424361,1,162,77,568,84,25
-96.77102108,19.34424353,1,115,129,1102,84,73
-104.9710215,21.93591033,1,128,133,1782,129,68
-100.2626879,22.5692437,1,163,74,541,71,46
-103.6210214,18.8942435,1,132,158,838,108,22
-103.6043548,19.31924353,1,139,131,1140,112,39
-94.07102094,16.36091004,1,121,169,2133,98,66
-103.7960214,19.04424351,1,133,146,920,109,35
-99.55435456,21.19424362,1,156,80,722,86,35
-105.0126882,19.52757687,1,130,157,869,111,30
-95.21268767,18.46924348,1,91,154,2286,69,268
-93.14602089,16.83591006,1,130,126,1151,92,42
-92.0126875,15.85257668,1,140,146,1229,94,60
-98.96268786,21.72757699,1,121,130,1534,77,115
-88.40435398,18.63591016,1,95,184,1142,50,167
-107.654355,26.67757724,1,173,74,731,98,106
-99.06268787,21.4109103,1,135,68,1738,81,130
-96.76268775,17.02757674,1,159,82,692,94,15
-93.2710209,16.2275767,1,143,131,1238,102,25
-89.83768739,20.50257692,1,124,166,1063,74,79
-91.70435415,16.10257669,1,134,104,2173,66,264
-99.81268791,24.13591044,1,151,57,531,71,45
-103.8626881,18.94424351,1,131,161,753,106,22
-105.2376882,22.6442437,1,123,123,1346,116,80
-92.43768752,16.92757673,1,128,123,1845,71,142
-97.72102113,15.97757669,1,146,184,1376,111,15
-95.62935435,16.41924338,1,132,160,625,111,3
-105.1293548,20.36924358,1,137,71,1396,107,79
-97.80435447,19.82757689,1,135,49,1043,75,72
-99.99602125,21.927577,1,144,90,532,78,51
-104.0626881,19.81924355,1,154,119,865,99,48
-99.22102121,18.7692435,1,165,120,874,103,28
-99.02935453,22.65257703,1,116,123,1165,87,61
-92.69602087,15.97757669,1,145,119,1942,96,25
-104.3710215,19.76924355,1,147,116,888,100,55
-97.90435447,18.72757683,1,166,73,650,88,25
-92.05435417,16.09424336,1,140,100,1030,87,39
-98.64602118,21.02757695,1,135,72,2064,74,170
-97.02935443,17.77757678,1,147,97,613,93,33
-104.3960215,19.22757685,1,128,153,1077,115,35
-105.4126882,20.83591027,1,122,143,1248,119,43
-100.2626879,19.26924352,1,140,74,973,97,38
-99.79602124,20.6692436,1,165,45,529,81,34
-89.70435405,21.06924362,1,90,183,776,69,81
-99.06268787,18.87757684,1,166,116,922,100,34
-98.58768784,21.11091029,1,133,112,1762,62,182
-100.2543546,17.03591007,1,113,210,1034,114,23
-109.0126884,27.0359106,1,170,73,701,110,90
-96.60435441,17.26924342,1,140,57,888,86,54
-99.45435455,17.38591009,1,139,131,1180,108,22
-92.72102087,15.03590997,1,137,188,2565,91,85
-103.7210214,18.7442435,1,128,158,895,110,25
-100.1793546,21.93591033,1,160,76,653,84,41
-104.4043548,19.27757686,1,127,157,1080,115,37
-92.17102084,15.39424332,1,134,118,2066,78,80
-104.5043548,23.30257707,1,138,68,590,101,63
-98.62935451,20.98591028,1,136,68,1981,76,155
-97.07935443,16.09424336,1,154,122,1399,99,34
-105.2293549,21.53591031,1,115,148,1557,127,36
-98.95435453,18.90257684,1,166,113,914,104,16
-92.86268754,17.11091008,1,120,88,2030,53,276
-92.91268755,17.54424343,1,114,171,3708,44,768
-105.2376882,21.56091031,1,115,147,1592,128,36
-92.93768755,17.54424343,1,115,171,3788,44,794
-103.9876881,18.8692435,1,126,164,829,107,24
-93.56268758,16.07757669,1,129,103,1483,98,24
-102.7293547,20.31091024,1,154,69,835,109,35
-109.0043551,27.05257726,1,172,78,693,110,89
-96.37935439,19.58591021,1,96,169,1115,97,55
-92.17935417,15.93591002,1,143,143,1187,92,52
-98.64602118,18.61924349,1,172,110,791,103,21
-99.15435454,21.00257695,1,150,66,950,81,65
-103.1626881,21.17757696,1,182,62,800,116,31
-99.57935456,17.76091011,1,143,142,766,99,34
-104.3876881,19.69424355,1,142,103,1163,105,60
-93.12102089,16.90257673,1,128,136,1078,91,50
-95.17935433,18.43591015,1,93,161,2195,71,241
-98.57935451,24.41924379,1,135,82,674,62,83
-99.32935455,22.51924369,1,117,111,1248,83,74
-98.82102119,23.9525771,1,135,102,738,67,64
-96.4293544,19.76924355,1,93,171,1248,77,105
-103.6543548,19.23591019,1,140,146,1028,112,43
-99.31268788,23.57757708,1,138,85,542,68,45
-93.08768755,16.77757673,1,135,139,978,102,20
-93.3710209,16.77757673,1,124,136,961,91,43
-91.87935416,15.94424335,1,139,135,1119,98,40
-100.2793546,19.16924352,1,147,101,1030,100,43
-96.32102106,16.9192434,1,128,73,845,88,45
-97.0960211,18.23591014,1,139,72,1174,87,89
-97.41268778,18.51924348,1,152,65,504,89,19
-99.44602122,22.84424371,1,125,105,1428,91,69
-92.02935417,17.47757676,1,111,173,2602,52,474
-99.1460212,21.84424366,1,121,120,1647,83,101
-97.02935443,17.78591011,1,147,99,613,93,33
-93.12102089,16.73591006,1,136,138,955,104,18
-103.3793548,19.25257686,1,140,139,1304,110,39
-96.72935441,19.61924354,1,97,115,1272,67,131
-88.58768732,20.72757693,1,134,158,1207,62,116
-97.47935445,18.48591015,1,154,69,471,93,14
-96.5543544,18.51091015,1,112,165,1897,92,101
-97.32102111,18.71091016,1,152,48,651,81,37
-93.37935424,16.76091006,1,124,140,922,93,38
-92.0126875,16.01924335,1,141,130,1056,97,36
-88.57935399,20.67757693,1,134,157,1203,63,115
-96.46268773,16.28591003,1,131,86,909,100,18
-97.10435443,18.8442435,1,117,101,1935,83,119
-99.11268787,23.13591039,1,127,123,1209,80,66
-105.8376882,23.43591041,1,116,95,1244,96,149
-95.23768767,16.31924337,1,108,197,860,113,11
-95.60435435,16.41091004,1,131,164,613,111,4
-103.5376881,19.31924353,1,140,134,1141,111,39
-104.5793548,21.3359103,1,155,92,1043,117,59
-89.98768739,20.56091026,1,118,172,1101,74,87
-103.2710214,19.44424353,1,148,76,1050,106,44
-103.8543548,20.87757694,1,166,80,980,115,37
-91.73768748,16.07757669,1,135,104,2022,68,221
-93.12102089,16.86091006,1,130,124,1212,89,51
-98.27102116,17.33591009,1,163,61,1353,102,41
-104.1793548,22.39424369,1,152,57,703,100,80
-98.93768786,21.96924366,1,115,124,1328,80,95
-92.00435417,16.90257673,1,127,143,1930,65,171
-105.7210215,23.02757705,1,112,141,1090,107,85
-92.52102086,15.50257666,1,134,80,1419,86,30
-91.73768748,16.12757669,1,135,103,1995,67,230
-98.96268786,22.08591034,1,115,116,1388,81,92
-93.07935422,16.83591006,1,132,120,1267,91,47
-102.6543547,21.85257699,1,184,40,606,100,36
-93.58768758,15.96924335,1,131,157,1838,100,34
-98.22935449,20.51091026,1,132,78,1948,77,137
-88.53768732,20.48591025,1,134,159,1201,63,115
-94.02935427,16.41924338,1,119,147,1461,100,37
-97.31268778,20.0275769,1,110,119,2626,52,355
-103.8210214,20.72757693,1,161,66,1014,113,39
-99.52935456,21.07757695,1,158,70,689,80,38
-93.90435426,16.52757671,1,120,149,1120,101,26
-93.10435422,17.11091008,1,121,122,1718,57,221
-98.9710212,22.5942437,1,116,124,1165,87,60
-91.82935416,15.94424335,1,138,136,1214,93,62
-93.56268758,16.85257673,1,119,146,921,83,78
-101.637688,17.73591011,1,125,190,1003,110,21
-99.53768789,21.85257699,1,137,93,716,90,42
-104.2876881,19.08591018,1,114,172,940,112,31
-103.3376881,20.7942436,1,169,74,935,114,34
-105.9043549,23.41924374,1,116,122,1248,103,128
-99.79602124,16.8692434,1,115,208,1077,110,20
-98.43768783,21.11924362,1,127,123,1574,65,170
-93.30435423,16.49424338,1,135,128,1062,104,22
-96.88768775,18.91924351,1,115,119,2117,78,157
-99.38768788,22.52757703,1,123,98,1578,88,78
-92.97935422,17.37757676,1,111,139,3414,42,645
-87.58768727,20.84424361,1,116,164,1277,53,147
-90.07102073,18.24424347,1,115,159,1245,65,132
-98.4793545,23.64424375,1,126,99,840,65,104
-95.13768766,17.73591011,1,109,163,1615,87,112
-95.11268766,18.47757682,1,88,147,2563,66,333
-93.67935425,16.00257669,1,125,184,1745,100,33
-99.18768787,23.21924373,1,131,106,916,74,62
-103.6376881,19.31091019,1,139,136,1115,112,40
-88.41268731,18.7692435,1,96,182,1153,51,166
-98.89602119,21.57757698,1,124,122,2046,71,172
-91.76268749,16.10257669,1,136,104,1919,69,208
-107.9126883,27.2109106,1,176,57,860,95,122
-98.69602118,18.35257681,1,175,117,801,102,24
-103.5543548,19.3609102,1,142,116,1049,109,42
-92.51268752,16.61091005,1,130,50,1132,76,57
-99.22935454,18.75257683,1,166,120,871,103,27
-93.12102089,16.71924339,1,136,137,972,105,18
-99.92102124,21.56091031,1,156,80,680,88,38
-99.17935454,23.79424376,1,136,98,857,72,65
-105.2460215,20.6692436,1,125,158,1286,117,37
-89.96268739,18.01091012,1,106,162,1264,60,146
-96.16268772,17.96924346,1,100,165,3100,85,215
-92.96268755,16.02757669,1,145,130,1875,96,50
-99.6126879,16.71924339,1,120,210,1091,115,14
-90.52935409,19.39424353,1,119,164,1278,84,92
-96.92102109,18.91924351,1,115,116,2088,78,157
-97.02935443,18.91091017,1,115,108,2012,79,147
-92.12102084,17.26091009,1,115,172,2568,55,357
-94.15435428,16.36924337,1,120,179,1740,102,18
-100.2710213,18.36091014,1,146,161,1166,113,27
-98.57102117,21.16924362,1,130,124,1700,66,163
-91.97935416,17.50257676,1,109,175,2464,54,469
-99.75435457,18.36091014,1,138,131,1107,107,27
-93.53768758,16.68591006,1,123,146,845,99,27
-93.72935426,16.26924337,1,126,121,1246,100,33
-93.78768759,16.2775767,1,126,152,1596,100,39
-104.0043548,20.01091023,1,151,101,790,93,51
-103.2626881,20.28591024,1,146,71,798,106,33
-96.47102106,19.76924355,1,95,165,1235,73,112
-92.99602088,15.47757666,1,141,179,2523,95,66
-99.92102124,18.44424348,1,129,122,1225,106,34
-103.7293548,19.10257685,1,137,155,819,106,29
-103.7126881,19.07757685,1,136,152,856,108,33
-91.11268745,16.88591007,1,111,165,2329,67,246
-100.0876879,19.98591023,1,159,26,812,93,39
-99.08768787,22.17757701,1,116,118,1305,86,67
-95.04602099,17.19424342,1,103,169,2677,87,224
-95.11268766,18.41924348,1,92,158,2365,71,269
-103.4126881,19.54424354,1,152,92,928,100,49
-103.7210214,19.44424353,1,143,101,827,106,37
-91.72935415,16.13591003,1,134,102,2012,66,235
-95.82935436,17.81091011,1,109,172,2163,83,159
-102.3293547,19.94424356,1,167,51,912,96,45
-99.69602123,21.06924362,1,162,64,611,77,36
-88.86268733,17.91924345,1,98,178,1470,55,274
-92.82102087,16.72757672,1,129,82,1382,80,68
-99.67935457,24.88591048,1,140,75,860,67,67
-93.58768758,16.16924336,1,129,106,1392,98,26
-99.6376879,17.5609101,1,115,109,1422,102,34
-99.34602121,18.96924351,1,155,41,1131,100,32
-105.3210215,19.85257689,1,133,157,714,107,31
-93.02102088,17.34424342,1,112,142,3341,43,621
-99.50435456,17.54424343,1,139,120,933,103,19
-99.6376879,17.81091011,1,141,140,734,99,34
-99.36268788,20.57757693,1,169,57,427,73,34
-95.04602099,16.57757672,1,97,194,918,108,18
-99.91268791,21.62757698,1,152,83,675,89,41
-100.2626879,22.57757703,1,162,73,540,71,47
-93.11268756,16.71091006,1,137,136,988,105,18
-93.00435422,17.49424343,1,114,163,4237,43,873
-99.15435454,23.10257706,1,128,115,1223,82,66
-94.02935427,16.45257671,1,119,142,1268,101,29
-93.10435422,16.73591006,1,137,139,950,105,16
-102.062688,18.03591013,1,127,177,1038,109,28
-89.55435404,21.03591028,1,100,178,906,68,96
-97.87935447,23.78591043,1,116,112,955,70,114
-102.8126881,23.51091041,1,188,15,406,87,35
-96.78768775,19.34424353,1,115,128,1147,84,77
-97.24602111,18.40257681,1,145,88,611,89,30
-93.10435422,16.88591007,1,129,137,1062,94,44
-93.65435425,15.97757669,1,126,183,1784,100,33
-95.62102102,16.39424337,1,132,164,612,111,4
-88.48768732,18.66924349,1,97,178,1185,52,169
-99.82935457,21.05257695,1,170,71,459,78,27
-96.17102105,17.00257674,1,123,72,1238,86,91
-99.57102123,21.17757696,1,157,74,713,83,39
-103.1543547,18.7692435,1,125,126,1269,97,53
-106.4126882,23.2359104,1,95,149,784,121,39
-87.60435394,20.86924361,1,116,164,1285,53,147
-98.23768782,20.47757692,1,132,69,1898,77,142
-91.9876875,16.34424337,1,137,95,1253,74,87
-99.67102123,17.81091011,1,137,133,800,101,32
-97.66268779,18.09424346,1,167,46,642,96,24
-88.57935399,20.7192436,1,134,158,1209,63,115
-99.47935455,17.36091009,1,138,135,1255,109,22
-98.77935452,16.79424339,1,147,182,1477,110,24
-99.18768787,21.00257695,1,153,71,802,83,48
-97.34602111,18.46091015,1,147,79,530,92,20
-98.59602118,18.2025768,1,170,117,840,99,26
-86.9793539,21.02757695,1,100,176,1104,51,183
-97.15435443,18.19424347,1,153,119,412,94,12
-99.28768788,23.60257708,1,140,72,614,73,47
-88.15435396,21.21091029,1,122,160,1125,63,125
-99.91268791,18.27757681,1,140,135,1012,111,21
-99.18768787,22.21924368,1,118,105,1415,85,79
-89.82935405,20.7442436,1,110,175,977,75,80
-92.1126875,15.11924331,1,123,44,1976,82,46
-89.94602072,20.56091026,1,119,170,1095,73,86
-99.56268789,21.20257696,1,157,79,704,85,36
-96.12935438,19.09424351,1,84,177,1606,103,64
-100.3793546,19.13591018,1,156,121,1024,102,44
-98.9710212,21.61091031,1,124,124,1942,74,152
-107.504355,25.53591052,1,163,87,1025,105,115
-99.57102123,21.22757696,1,156,78,713,84,38
-99.16268787,17.40257676,1,142,139,1253,106,23
-99.60435456,18.55257682,1,131,114,1175,102,35
-107.5460216,27.45257728,1,183,-11,776,90,109
-102.9043547,19.36924353,1,146,153,891,104,32
-107.679355,26.69424391,1,174,72,735,99,107
-89.62102071,20.96091028,1,103,177,972,70,95
-97.21268777,18.39424348,1,142,83,758,88,42
-97.12935443,17.86924345,1,150,62,730,90,45
-92.02935417,17.49424343,1,110,175,2586,52,485
-105.4626882,23.06924372,1,119,93,1272,99,154
-99.90435458,24.71924381,1,152,57,606,68,51
-92.14602084,16.65257672,1,131,86,1606,64,144
-98.06268781,16.77757673,1,154,150,1798,110,21
-103.8460214,20.88591027,1,168,84,977,115,37
-100.1210213,23.41091041,1,163,56,471,63,45
-99.05435453,18.99424351,1,160,66,1005,102,27
-99.17935454,18.87757684,1,153,118,958,103,33
-99.27102121,21.93591033,1,121,112,1735,87,97
-92.78768754,15.56091,1,139,127,2644,90,72
-88.62102066,18.34424348,1,99,172,1370,60,218
-103.6126881,19.24424352,1,140,144,1094,112,40
-104.7793548,22.48591036,1,132,42,992,99,119
-92.42102085,14.71924329,1,129,191,1463,94,16
-98.88768786,21.96091033,1,115,126,1305,78,100
-98.65435451,20.57757693,1,138,45,1013,77,99
-97.1710211,19.14424352,1,143,39,1310,77,110
-96.80435442,18.71091016,1,116,133,2580,78,188
-98.9960212,18.59424349,1,169,120,821,105,20
-101.6043547,17.72757678,1,125,190,1015,110,18
-98.57102117,18.88591017,1,163,64,995,95,24
-92.81268754,15.65257667,1,135,84,1627,91,27
-99.56268789,20.22757691,1,161,31,740,87,41
-88.56268732,20.67757693,1,134,157,1209,63,115
-96.12102105,17.70257678,1,107,155,3649,78,290
-103.6460214,19.62757688,1,131,35,1044,92,56
-91.73768748,16.09424336,1,135,104,2026,68,228
-97.17935444,20.16091024,1,109,145,1431,49,200
-89.56268737,21.23591029,1,83,186,591,64,75
-99.72102123,24.70257714,1,143,70,784,70,60
-92.04602083,16.10257669,1,140,97,1022,85,41
-96.49602107,15.95257668,1,143,128,1597,94,55
-99.47102122,20.28591024,1,159,34,708,86,40
-99.52102122,17.12757675,1,141,183,1348,110,48
-95.58768769,16.45257671,1,131,160,651,111,5
-92.18768751,15.14424331,1,126,130,3449,74,114
-94.25435428,16.41924338,1,120,175,1590,104,14
-90.95435411,16.10257669,1,112,176,3068,68,317
-98.55435451,20.87757694,1,139,83,1728,71,138
-108.3626884,27.10257727,1,174,51,873,105,111
-99.15435454,21.86924366,1,121,116,1677,83,105
-99.57935456,21.19424362,1,157,75,707,83,38
-98.53768784,20.34424358,1,138,44,896,77,69
-96.68768774,19.5359102,1,106,130,983,79,79
-95.01268766,17.38591009,1,106,167,2481,84,218
-92.78768754,15.09424331,1,139,186,2672,91,85
-103.9626881,19.22757685,1,138,139,1071,113,50
-98.43768783,23.20257706,1,116,89,1019,78,79
-103.8376881,20.88591027,1,168,85,978,115,36
-99.60435456,17.82757678,1,143,142,745,99,32
-96.92102109,17.65257677,1,142,115,589,94,23
-98.07102115,21.17757696,1,109,131,1313,61,154
-98.16268782,18.7192435,1,169,101,786,97,19
-97.8626878,25.45257718,1,116,91,699,54,105
-105.3126882,20.36924358,1,137,117,1619,115,46
-100.2126879,21.94424366,1,162,70,701,86,41
-104.5126882,19.13591018,1,115,170,965,112,36
-103.6626881,19.33591019,1,140,127,1070,112,40
-93.17102089,17.36091009,1,109,146,3574,42,696
-99.26268788,23.79424376,1,139,79,689,73,56
-97.45435445,20.91091028,1,92,148,1134,64,116
-96.67102108,17.16091008,1,136,45,1123,86,63
-99.10435454,23.22757706,1,130,108,868,72,66
-90.97102078,16.90257673,1,107,176,2125,64,243
-100.4126879,21.35257697,1,162,44,515,80,34
-92.49602086,16.8942434,1,126,103,1944,68,163
-99.79602124,18.50257682,1,129,112,1195,103,39
-103.6126881,21.31924363,1,162,47,857,114,48
-99.22935454,18.7692435,1,165,120,874,103,28
-92.04602083,17.47757676,1,110,173,2641,52,446
-99.23768788,21.00257695,1,154,76,745,85,41
-96.4293544,19.72757688,1,93,163,1157,77,96
-99.17102121,23.08591039,1,129,99,1081,81,63
-99.97102125,21.47757697,1,156,84,631,91,35
-108.929355,26.99424393,1,174,82,677,111,91
-97.21268777,20.49424359,1,94,144,1266,56,160
-95.171021,18.35257681,1,95,161,1961,71,214
-98.30435449,21.05257695,1,125,120,1469,61,172
-96.83768775,18.87757684,1,120,131,2049,79,140
-92.59602086,16.05257669,1,146,133,1443,95,35
-89.92102072,20.53591026,1,121,169,1101,74,84
-97.20435444,18.42757681,1,145,57,835,86,49
-102.6710214,21.84424366,1,184,41,618,101,36
-97.21268777,20.31091024,1,101,143,1370,51,183
-99.62935456,18.78591017,1,138,109,1170,101,40
-97.10435443,19.06924351,1,132,61,1784,73,165
-105.0710215,19.56924354,1,131,159,790,108,29
-98.95435453,21.81091032,1,118,129,1439,76,105
-88.93768734,21.14424362,1,119,168,1004,67,113
-99.85435457,18.56924349,1,134,120,1253,105,36
-100.1043546,21.88591033,1,155,83,630,83,44
-99.65435456,20.52757692,1,176,54,484,79,33
-97.02102109,18.8692435,1,117,112,2010,78,151
-98.78768785,20.61091026,1,152,54,545,80,34
-90.52935409,19.83591022,1,97,182,1071,82,73
-99.0460212,22.6442437,1,116,118,1180,87,62
-98.20435449,23.76091042,1,129,108,601,66,75
-106.2126882,23.2609104,1,103,147,783,115,59
-100.1626879,25.31924384,1,136,62,785,79,56
-92.89602088,15.58591,1,141,148,2752,92,87
-93.07102089,16.16924336,1,145,129,1649,97,49
-103.2626881,20.29424358,1,147,65,798,106,34
-93.53768758,16.92757673,1,117,128,1167,71,111
-96.90435442,17.66924344,1,141,114,655,92,29
-98.77935452,20.55257692,1,151,50,573,76,41
-99.49602122,18.66091016,1,156,123,1052,105,29
-103.5210214,19.31924353,1,141,137,1151,111,39
-91.84602082,15.92757668,1,138,138,1146,95,56
-98.65435451,20.61091026,1,133,42,1221,78,124
-92.7043542,16.73591006,1,128,47,1189,80,60
-95.18768766,18.46924348,1,90,151,2360,69,282
-97.49602112,19.66924354,1,141,16,644,71,53
-93.17102089,16.9192434,1,127,126,1199,82,73
-99.47102122,21.16924362,1,152,91,865,90,42
-110.4126885,27.61924396,1,137,108,246,108,37
-103.4376881,19.51924354,1,152,96,961,101,48
-100.5876879,17.39424343,1,123,190,1364,111,22
-92.14602084,15.07757664,1,123,131,3687,74,225
-93.07102089,15.80257668,1,135,93,1700,94,25
-97.04602109,16.45257671,1,156,83,1149,97,29
-93.58768758,16.10257669,1,128,105,1451,98,25
-89.91268739,20.56924359,1,119,170,1075,74,84
-100.2460213,21.48591031,1,167,65,545,85,31
-88.60435399,20.96091028,1,129,160,1179,66,117
-92.02102083,17.54424343,1,108,179,2539,52,502
-105.0210215,19.46924353,1,129,158,833,111,31
-94.82102098,17.42757676,1,103,171,2833,76,312
-92.71268754,16.73591006,1,128,48,1193,80,59
-95.06268766,18.57757682,1,90,179,3317,65,507
-92.78768754,15.54424333,1,138,125,2569,90,70
-105.1710215,21.53591031,1,118,141,1550,125,40
-96.17102105,19.17757685,1,83,174,1431,101,58
-93.9876876,16.40257671,1,120,142,1283,101,27
-99.11268787,21.73591032,1,123,118,1823,80,125
-93.19602089,15.87757668,1,137,109,1750,97,22
-105.1710215,22.67757703,1,124,90,1208,106,130
-91.97935416,16.34424337,1,137,96,1274,74,91
-93.3710209,17.00257674,1,120,156,1320,64,156
-92.29602085,16.00257669,1,144,140,1207,93,43
-93.8876876,16.53591005,1,120,150,1101,100,27
-93.08768755,17.44424343,1,114,164,4105,44,813
-93.02935422,17.55257677,1,115,171,3856,44,804
-99.16268787,21.55257698,1,135,88,1724,81,123
-91.72935415,16.11091003,1,135,104,2054,67,239
-92.87935421,16.97757674,1,128,109,1503,74,108
-102.5543547,22.78591037,1,166,26,412,88,41
-93.68768759,16.01924335,1,124,186,1711,100,33
-99.92102124,20.75257693,1,164,48,524,82,34
-105.2460215,21.55257698,1,114,148,1590,128,36
-92.89602088,15.52757666,1,143,164,2770,93,83
-97.44602112,18.32757681,1,155,77,465,98,16
-99.50435456,17.27757675,1,138,152,1477,111,32
-95.321021,16.34424337,1,115,187,811,114,7
-93.12935422,17.08591008,1,121,122,1608,60,194
-98.76268785,20.57757693,1,151,52,559,78,36
-99.56268789,17.81091011,1,145,146,793,99,31
-93.41268757,16.95257674,1,120,151,1122,73,113
-99.62935456,17.54424343,1,113,107,1457,102,35
